<?xml version="1.0" encoding="utf-8"?>
<productAdditionalComps>
   <dependsOn>
      <component>
         <name>SimpleDSFviewer</name>
         <locale/>
         <platformList>
            <platform>maci64</platform>
         </platformList>
         <version>5.0</version>
      </component>
   </dependsOn>
   <isControllingProduct>true</isControllingProduct>
   <platform>maci64</platform>
   <productName>SimpleDSFviewer</productName>
   <productNumber>5000</productNumber>
   <productBaseCode>SimpleDSFviewer</productBaseCode>
   <productVersion>5.0</productVersion>
   <releaseFamily>R2015a</releaseFamily>
   <releaseDescription>R2015a</releaseDescription>
</productAdditionalComps>