<?xml version="1.0" encoding="utf-8"?>
<ApplicationInstallerManifest>
   <DefaultInstallationDirectory>/Applications/XXMU/SimpleDSFviewer/</DefaultInstallationDirectory>
   <ApplicationName>SimpleDSFviewer</ApplicationName>
   <ExecutableName>application/SimpleDSFviewer.exe</ExecutableName>
   <GUID>276a00e8-7a8e-48f5-b6a5-c93985ad419c</GUID>
   <ApplicationIcon>default_icon_48.png</ApplicationIcon>
   <Logo>default_logo.png</Logo>
   <Version>5.0</Version>
   <AuthorOrganization>XXMU</AuthorOrganization>
   <WelcomePanelText>SimpleDSFviewer 5.0
ChangyeSun
hscsun@outlook.com</WelcomePanelText>
   <MCRProducts>
      <MCRProduct>
         <ExternalProductIdentifier>35000</ExternalProductIdentifier>
      </MCRProduct>
      <MCRProduct>
         <ExternalProductIdentifier>35010</ExternalProductIdentifier>
      </MCRProduct>
   </MCRProducts>
</ApplicationInstallerManifest>